episode,reward
0,16.0
1,16.0
2,18.0
3,40.0
4,23.0
5,12.0
6,14.0
7,9.0
8,12.0
9,17.0
10,31.0
11,18.0
12,16.0
13,13.0
14,14.0
15,19.0
16,110.0
17,30.0
18,19.0
19,17.0
20,12.0
21,16.0
22,33.0
23,18.0
24,17.0
25,56.0
26,29.0
27,16.0
28,13.0
29,15.0
30,38.0
31,11.0
32,16.0
33,57.0
34,9.0
35,42.0
36,21.0
37,24.0
38,39.0
39,12.0
40,22.0
41,27.0
42,30.0
43,18.0
44,15.0
45,25.0
46,17.0
47,15.0
48,18.0
49,17.0
50,11.0
51,30.0
52,32.0
53,11.0
54,19.0
55,11.0
56,18.0
57,10.0
58,21.0
59,13.0
60,21.0
61,16.0
62,13.0
63,19.0
64,20.0
65,27.0
66,20.0
67,15.0
68,24.0
69,32.0
70,11.0
71,42.0
72,23.0
73,52.0
74,14.0
75,16.0
76,14.0
77,17.0
78,15.0
79,13.0
80,22.0
81,50.0
82,18.0
83,40.0
84,31.0
85,16.0
86,15.0
87,20.0
88,19.0
89,62.0
90,23.0
91,23.0
92,10.0
93,13.0
94,37.0
95,18.0
96,72.0
97,29.0
98,21.0
99,16.0
100,18.0
101,18.0
102,25.0
103,15.0
104,11.0
105,13.0
106,27.0
107,38.0
108,15.0
109,31.0
110,15.0
111,12.0
112,15.0
113,14.0
114,19.0
115,30.0
116,8.0
117,10.0
118,40.0
119,16.0
120,14.0
121,15.0
122,41.0
123,25.0
124,11.0
125,20.0
126,11.0
127,8.0
128,14.0
129,18.0
130,39.0
131,14.0
132,16.0
133,24.0
134,12.0
135,11.0
136,34.0
137,21.0
138,60.0
139,15.0
140,12.0
141,15.0
142,21.0
143,13.0
144,15.0
145,16.0
146,19.0
147,18.0
148,19.0
149,14.0
150,18.0
151,14.0
152,30.0
153,14.0
154,14.0
155,19.0
156,18.0
157,32.0
158,37.0
159,13.0
160,75.0
161,32.0
162,11.0
163,14.0
164,17.0
165,12.0
166,15.0
167,12.0
168,16.0
169,25.0
170,20.0
171,12.0
172,10.0
173,13.0
174,21.0
175,23.0
176,19.0
177,20.0
178,40.0
179,15.0
180,28.0
181,57.0
182,24.0
183,30.0
184,19.0
185,13.0
186,19.0
187,49.0
188,40.0
189,15.0
190,14.0
191,53.0
192,9.0
193,28.0
194,12.0
195,13.0
196,17.0
197,13.0
198,10.0
199,25.0
200,18.0
201,12.0
202,12.0
203,27.0
204,19.0
205,33.0
206,30.0
207,14.0
208,17.0
209,40.0
210,15.0
211,12.0
212,11.0
213,12.0
214,29.0
215,32.0
216,21.0
217,11.0
218,22.0
219,13.0
220,16.0
221,22.0
222,14.0
223,39.0
224,13.0
225,10.0
226,15.0
227,41.0
228,27.0
229,20.0
230,16.0
231,11.0
232,14.0
233,15.0
234,11.0
235,21.0
236,22.0
237,14.0
238,13.0
239,14.0
240,12.0
241,20.0
242,31.0
243,40.0
244,33.0
245,17.0
246,11.0
247,24.0
248,28.0
249,15.0
250,9.0
251,28.0
252,13.0
253,22.0
254,12.0
255,17.0
256,14.0
257,15.0
258,12.0
259,15.0
260,21.0
261,13.0
262,17.0
263,28.0
264,21.0
265,12.0
266,27.0
267,14.0
268,16.0
269,18.0
270,13.0
271,22.0
272,63.0
273,18.0
274,22.0
275,26.0
276,10.0
277,14.0
278,19.0
279,25.0
280,30.0
281,11.0
282,21.0
283,18.0
284,22.0
285,13.0
286,31.0
287,21.0
288,12.0
289,48.0
290,11.0
291,39.0
292,12.0
293,20.0
294,22.0
295,15.0
296,24.0
297,37.0
298,12.0
299,19.0
300,18.0
301,19.0
302,23.0
303,22.0
304,10.0
305,20.0
306,14.0
307,36.0
308,27.0
309,19.0
310,29.0
311,62.0
312,12.0
313,27.0
314,11.0
315,37.0
316,10.0
317,14.0
318,28.0
319,10.0
320,11.0
321,20.0
322,21.0
323,13.0
324,19.0
325,17.0
326,10.0
327,16.0
328,21.0
329,30.0
330,35.0
331,79.0
332,63.0
333,28.0
334,14.0
335,37.0
336,19.0
337,38.0
338,22.0
339,20.0
340,16.0
341,22.0
342,17.0
343,27.0
344,10.0
345,17.0
346,54.0
347,26.0
348,20.0
349,33.0
350,23.0
351,13.0
352,11.0
353,17.0
354,12.0
355,20.0
356,14.0
357,12.0
358,22.0
359,22.0
360,36.0
361,26.0
362,21.0
363,16.0
364,16.0
365,16.0
366,42.0
367,16.0
368,16.0
369,13.0
370,21.0
371,28.0
372,16.0
373,18.0
374,12.0
375,44.0
376,15.0
377,27.0
378,11.0
379,14.0
380,23.0
381,27.0
382,14.0
383,13.0
384,10.0
385,10.0
386,12.0
387,26.0
388,16.0
389,14.0
390,9.0
391,8.0
392,30.0
393,21.0
394,12.0
395,22.0
396,15.0
397,17.0
398,10.0
399,34.0
400,12.0
401,21.0
402,21.0
403,49.0
404,23.0
405,13.0
406,11.0
407,11.0
408,16.0
409,10.0
410,19.0
411,13.0
412,14.0
413,19.0
414,14.0
415,14.0
416,17.0
417,10.0
418,25.0
419,11.0
420,16.0
421,12.0
422,12.0
423,37.0
424,11.0
425,14.0
426,31.0
427,15.0
428,15.0
429,17.0
430,13.0
431,16.0
432,13.0
433,14.0
434,17.0
435,15.0
436,19.0
437,37.0
438,44.0
439,11.0
440,12.0
441,16.0
442,15.0
443,19.0
444,14.0
445,20.0
446,12.0
447,19.0
448,17.0
449,13.0
450,13.0
451,16.0
452,10.0
453,21.0
454,16.0
455,13.0
456,10.0
457,9.0
458,13.0
459,13.0
460,12.0
461,13.0
462,20.0
463,19.0
464,15.0
465,24.0
466,25.0
467,29.0
468,50.0
469,22.0
470,15.0
471,38.0
472,14.0
473,16.0
474,21.0
475,10.0
476,15.0
477,10.0
478,13.0
479,12.0
480,22.0
481,17.0
482,17.0
483,15.0
484,12.0
485,13.0
486,13.0
487,9.0
488,25.0
489,46.0
490,14.0
491,23.0
492,47.0
493,39.0
494,18.0
495,32.0
496,13.0
497,18.0
498,25.0
499,17.0
500,11.0
501,11.0
502,14.0
503,15.0
504,24.0
505,20.0
506,35.0
507,12.0
508,21.0
509,25.0
510,17.0
511,18.0
512,10.0
513,13.0
514,12.0
515,26.0
516,15.0
517,47.0
518,13.0
519,30.0
520,16.0
521,25.0
522,23.0
523,36.0
524,20.0
525,13.0
526,16.0
527,12.0
528,14.0
529,26.0
530,19.0
531,14.0
532,11.0
533,17.0
534,37.0
535,21.0
536,20.0
537,48.0
538,24.0
539,21.0
540,16.0
541,20.0
542,50.0
543,9.0
544,23.0
545,13.0
546,61.0
547,22.0
548,26.0
549,22.0
550,9.0
551,16.0
552,15.0
553,18.0
554,14.0
555,23.0
556,14.0
557,12.0
558,14.0
559,15.0
560,9.0
561,13.0
562,21.0
563,16.0
564,15.0
565,12.0
566,22.0
567,16.0
568,28.0
569,20.0
570,22.0
571,17.0
572,18.0
573,15.0
574,25.0
575,15.0
576,38.0
577,25.0
578,15.0
579,21.0
580,33.0
581,17.0
582,28.0
583,16.0
584,22.0
585,19.0
586,40.0
587,11.0
588,29.0
589,14.0
590,14.0
591,11.0
592,16.0
593,10.0
594,16.0
595,17.0
596,13.0
597,23.0
598,22.0
599,12.0
600,30.0
601,39.0
602,30.0
603,42.0
604,28.0
605,27.0
606,43.0
607,14.0
608,31.0
609,58.0
610,36.0
611,22.0
612,28.0
613,22.0
614,23.0
615,17.0
616,18.0
617,12.0
618,17.0
619,16.0
620,11.0
621,16.0
622,15.0
623,31.0
624,26.0
625,20.0
626,10.0
627,20.0
628,21.0
629,14.0
630,16.0
631,10.0
632,30.0
633,29.0
634,15.0
635,31.0
636,33.0
637,20.0
638,40.0
639,39.0
640,24.0
641,15.0
642,61.0
643,11.0
644,14.0
645,23.0
646,20.0
647,36.0
648,35.0
649,19.0
650,24.0
651,23.0
652,20.0
653,14.0
654,29.0
655,12.0
656,15.0
657,11.0
658,25.0
659,21.0
660,18.0
661,20.0
662,21.0
663,15.0
664,18.0
665,19.0
666,30.0
667,12.0
668,25.0
669,15.0
670,12.0
671,13.0
672,9.0
673,23.0
674,11.0
675,16.0
676,15.0
677,14.0
678,14.0
679,14.0
680,20.0
681,38.0
682,39.0
683,34.0
684,40.0
685,34.0
686,22.0
687,20.0
688,19.0
689,12.0
690,64.0
691,27.0
692,20.0
693,21.0
694,14.0
695,38.0
696,23.0
697,22.0
698,17.0
699,16.0
700,19.0
701,33.0
702,24.0
703,15.0
704,27.0
705,16.0
706,18.0
707,12.0
708,32.0
709,22.0
710,51.0
711,25.0
712,21.0
713,14.0
714,33.0
715,23.0
716,42.0
717,17.0
718,53.0
719,42.0
720,55.0
721,37.0
722,31.0
723,34.0
724,23.0
725,65.0
726,46.0
727,33.0
728,31.0
729,22.0
730,50.0
731,22.0
732,16.0
733,50.0
734,20.0
735,19.0
736,18.0
737,17.0
738,53.0
739,16.0
740,25.0
741,14.0
742,13.0
743,17.0
744,21.0
745,17.0
746,16.0
747,13.0
748,15.0
749,19.0
750,29.0
751,17.0
752,32.0
753,21.0
754,23.0
755,20.0
756,18.0
757,17.0
758,13.0
759,18.0
760,30.0
761,20.0
762,22.0
763,19.0
764,58.0
765,46.0
766,54.0
767,37.0
768,25.0
769,26.0
770,53.0
771,89.0
772,45.0
773,65.0
774,48.0
775,56.0
776,38.0
777,36.0
778,62.0
779,13.0
780,69.0
781,33.0
782,34.0
783,17.0
784,15.0
785,23.0
786,29.0
787,31.0
788,11.0
789,33.0
790,30.0
791,58.0
792,46.0
793,25.0
794,47.0
795,94.0
796,35.0
797,91.0
798,30.0
799,49.0
800,16.0
801,9.0
802,29.0
803,36.0
804,38.0
805,22.0
806,28.0
807,34.0
808,20.0
809,25.0
810,43.0
811,35.0
812,17.0
813,64.0
814,37.0
815,51.0
816,19.0
817,79.0
818,36.0
819,21.0
820,13.0
821,48.0
822,60.0
823,39.0
824,46.0
825,63.0
826,29.0
827,28.0
828,14.0
829,19.0
830,16.0
831,24.0
832,27.0
833,39.0
834,33.0
835,25.0
836,28.0
837,21.0
838,33.0
839,44.0
840,22.0
841,43.0
842,19.0
843,33.0
844,32.0
845,29.0
846,31.0
847,21.0
848,65.0
849,40.0
850,58.0
851,13.0
852,27.0
853,29.0
854,36.0
855,29.0
856,18.0
857,45.0
858,32.0
859,13.0
860,22.0
861,21.0
862,30.0
863,14.0
864,25.0
865,15.0
866,25.0
867,22.0
868,23.0
869,41.0
870,11.0
871,35.0
872,31.0
873,42.0
874,38.0
875,126.0
876,22.0
877,27.0
878,17.0
879,47.0
880,38.0
881,59.0
882,52.0
883,31.0
884,82.0
885,34.0
886,46.0
887,65.0
888,51.0
889,31.0
890,26.0
891,36.0
892,40.0
893,29.0
894,52.0
895,31.0
896,18.0
897,36.0
898,62.0
899,34.0
900,95.0
901,40.0
902,14.0
903,26.0
904,15.0
905,36.0
906,23.0
907,27.0
908,21.0
909,16.0
910,47.0
911,50.0
912,26.0
913,41.0
914,24.0
915,14.0
916,43.0
917,54.0
918,77.0
919,28.0
920,25.0
921,31.0
922,16.0
923,33.0
924,32.0
925,64.0
926,54.0
927,27.0
928,14.0
929,68.0
930,34.0
931,39.0
932,47.0
933,56.0
934,34.0
935,28.0
936,47.0
937,31.0
938,14.0
939,19.0
940,82.0
941,51.0
942,24.0
943,30.0
944,20.0
945,12.0
946,34.0
947,65.0
948,24.0
949,30.0
950,29.0
951,15.0
952,35.0
953,48.0
954,44.0
955,35.0
956,30.0
957,31.0
958,23.0
959,73.0
960,35.0
961,51.0
962,36.0
963,28.0
964,42.0
965,14.0
966,52.0
967,32.0
968,14.0
969,24.0
970,31.0
971,15.0
972,17.0
973,19.0
974,21.0
975,25.0
976,18.0
977,10.0
978,50.0
979,19.0
980,50.0
981,68.0
982,13.0
983,52.0
984,11.0
985,72.0
986,58.0
987,41.0
988,56.0
989,65.0
990,38.0
991,30.0
992,41.0
993,56.0
994,21.0
995,42.0
996,16.0
997,28.0
998,14.0
999,47.0
1000,40.0
1001,17.0
1002,75.0
1003,13.0
1004,61.0
1005,12.0
1006,28.0
1007,48.0
1008,18.0
1009,26.0
1010,21.0
1011,28.0
1012,20.0
1013,13.0
1014,20.0
1015,46.0
1016,18.0
1017,10.0
1018,37.0
1019,52.0
1020,55.0
1021,69.0
1022,29.0
1023,101.0
1024,29.0
1025,25.0
1026,41.0
1027,30.0
1028,42.0
1029,37.0
1030,41.0
1031,59.0
1032,73.0
1033,46.0
1034,46.0
1035,42.0
1036,38.0
1037,32.0
1038,21.0
1039,56.0
1040,22.0
1041,26.0
1042,14.0
1043,20.0
1044,33.0
1045,15.0
1046,35.0
1047,48.0
1048,20.0
1049,21.0
1050,10.0
1051,42.0
1052,29.0
1053,71.0
1054,47.0
1055,55.0
1056,30.0
1057,73.0
1058,55.0
1059,24.0
1060,30.0
1061,49.0
1062,50.0
1063,31.0
1064,44.0
1065,20.0
1066,32.0
1067,82.0
1068,42.0
1069,41.0
1070,43.0
1071,16.0
1072,51.0
1073,38.0
1074,24.0
1075,25.0
1076,31.0
1077,31.0
1078,34.0
1079,18.0
1080,18.0
1081,32.0
1082,70.0
1083,31.0
1084,39.0
1085,25.0
1086,43.0
1087,32.0
1088,64.0
1089,18.0
1090,21.0
1091,15.0
1092,39.0
1093,37.0
1094,23.0
1095,60.0
1096,19.0
1097,19.0
1098,15.0
1099,80.0
1100,47.0
1101,10.0
1102,63.0
1103,70.0
1104,19.0
1105,29.0
1106,49.0
1107,21.0
1108,28.0
1109,35.0
1110,20.0
1111,30.0
1112,19.0
1113,47.0
1114,23.0
1115,23.0
1116,38.0
1117,41.0
1118,46.0
1119,27.0
1120,23.0
1121,36.0
1122,35.0
1123,23.0
1124,53.0
1125,79.0
1126,79.0
1127,35.0
1128,38.0
1129,14.0
1130,43.0
1131,57.0
1132,24.0
1133,45.0
1134,35.0
1135,34.0
1136,32.0
1137,58.0
1138,36.0
1139,52.0
1140,13.0
1141,14.0
1142,42.0
1143,38.0
1144,29.0
1145,20.0
1146,33.0
1147,38.0
1148,22.0
1149,28.0
1150,56.0
1151,43.0
1152,58.0
1153,37.0
1154,20.0
1155,42.0
1156,32.0
1157,51.0
1158,36.0
1159,17.0
1160,59.0
1161,37.0
1162,28.0
1163,25.0
1164,22.0
1165,17.0
1166,25.0
1167,49.0
1168,21.0
1169,60.0
1170,15.0
1171,33.0
1172,48.0
1173,58.0
1174,51.0
1175,23.0
1176,128.0
1177,30.0
1178,39.0
1179,50.0
1180,41.0
1181,30.0
1182,32.0
1183,24.0
1184,27.0
1185,32.0
1186,28.0
1187,26.0
1188,55.0
1189,14.0
1190,44.0
1191,22.0
1192,50.0
1193,32.0
1194,24.0
1195,19.0
1196,29.0
1197,28.0
1198,61.0
1199,11.0
1200,42.0
1201,82.0
1202,26.0
1203,86.0
1204,37.0
1205,21.0
1206,65.0
1207,84.0
1208,47.0
1209,22.0
1210,76.0
1211,40.0
1212,65.0
1213,33.0
1214,26.0
1215,28.0
1216,43.0
1217,28.0
1218,46.0
1219,28.0
1220,66.0
1221,34.0
1222,33.0
1223,121.0
1224,36.0
1225,32.0
1226,66.0
1227,33.0
1228,30.0
1229,35.0
1230,66.0
1231,28.0
1232,60.0
1233,53.0
1234,30.0
1235,24.0
1236,24.0
1237,49.0
1238,32.0
1239,32.0
1240,28.0
1241,32.0
1242,21.0
1243,58.0
1244,52.0
1245,27.0
1246,46.0
1247,28.0
1248,23.0
1249,104.0
1250,45.0
1251,54.0
1252,45.0
1253,32.0
1254,33.0
1255,18.0
1256,48.0
1257,48.0
1258,26.0
1259,98.0
1260,45.0
1261,29.0
1262,25.0
1263,56.0
1264,25.0
1265,20.0
1266,36.0
1267,45.0
1268,40.0
1269,10.0
1270,27.0
1271,47.0
1272,25.0
1273,24.0
1274,121.0
1275,30.0
1276,55.0
1277,21.0
1278,36.0
1279,33.0
1280,18.0
1281,34.0
1282,26.0
1283,27.0
1284,62.0
1285,35.0
1286,56.0
1287,34.0
1288,74.0
1289,27.0
1290,55.0
1291,38.0
1292,23.0
1293,14.0
1294,39.0
1295,28.0
1296,38.0
1297,34.0
1298,56.0
1299,70.0
1300,35.0
1301,14.0
1302,24.0
1303,22.0
1304,30.0
1305,32.0
1306,60.0
1307,43.0
1308,123.0
1309,14.0
1310,42.0
1311,25.0
1312,81.0
1313,62.0
1314,36.0
1315,72.0
1316,31.0
1317,43.0
1318,21.0
1319,106.0
1320,26.0
1321,31.0
1322,40.0
1323,47.0
1324,38.0
1325,47.0
1326,18.0
1327,32.0
1328,46.0
1329,50.0
1330,56.0
1331,31.0
1332,62.0
1333,19.0
1334,31.0
1335,38.0
1336,35.0
1337,31.0
1338,57.0
1339,36.0
1340,83.0
1341,26.0
1342,24.0
1343,38.0
1344,26.0
1345,32.0
1346,20.0
1347,85.0
1348,25.0
1349,59.0
1350,30.0
1351,32.0
1352,35.0
1353,16.0
1354,20.0
1355,15.0
1356,15.0
1357,27.0
1358,54.0
1359,62.0
1360,50.0
1361,33.0
1362,38.0
1363,65.0
1364,21.0
1365,36.0
1366,24.0
1367,36.0
1368,16.0
1369,24.0
1370,44.0
1371,32.0
1372,65.0
1373,51.0
1374,67.0
1375,32.0
1376,68.0
1377,47.0
1378,33.0
1379,29.0
1380,25.0
1381,43.0
1382,67.0
1383,79.0
1384,34.0
1385,32.0
1386,33.0
1387,21.0
1388,29.0
1389,26.0
1390,33.0
1391,56.0
1392,23.0
1393,14.0
1394,41.0
1395,33.0
1396,23.0
1397,41.0
1398,33.0
1399,41.0
1400,49.0
1401,25.0
1402,38.0
1403,22.0
1404,49.0
1405,31.0
1406,28.0
1407,32.0
1408,32.0
1409,23.0
1410,24.0
1411,46.0
1412,13.0
1413,60.0
1414,42.0
1415,58.0
1416,15.0
1417,41.0
1418,37.0
1419,32.0
1420,23.0
1421,40.0
1422,26.0
1423,58.0
1424,19.0
1425,57.0
1426,42.0
1427,36.0
1428,101.0
1429,29.0
1430,26.0
1431,22.0
1432,43.0
1433,28.0
1434,27.0
1435,37.0
1436,27.0
1437,27.0
1438,36.0
1439,37.0
1440,33.0
1441,55.0
1442,86.0
1443,65.0
1444,46.0
1445,13.0
1446,32.0
1447,25.0
1448,32.0
1449,24.0
1450,76.0
1451,69.0
1452,37.0
1453,33.0
1454,58.0
1455,57.0
1456,33.0
1457,27.0
1458,22.0
1459,79.0
1460,43.0
1461,35.0
1462,26.0
1463,48.0
1464,33.0
1465,29.0
1466,38.0
1467,18.0
1468,33.0
1469,40.0
1470,50.0
1471,26.0
1472,13.0
1473,27.0
1474,58.0
1475,30.0
1476,24.0
1477,27.0
1478,52.0
1479,39.0
1480,37.0
1481,24.0
1482,19.0
1483,47.0
1484,26.0
1485,23.0
1486,28.0
1487,25.0
1488,33.0
1489,25.0
1490,28.0
1491,33.0
1492,33.0
1493,98.0
1494,26.0
1495,40.0
1496,28.0
1497,41.0
1498,29.0
1499,27.0
1500,65.0
1501,19.0
1502,22.0
1503,68.0
1504,26.0
1505,22.0
1506,33.0
1507,49.0
1508,38.0
1509,63.0
1510,46.0
1511,127.0
1512,71.0
1513,57.0
1514,36.0
1515,61.0
1516,45.0
1517,50.0
1518,17.0
1519,12.0
1520,24.0
1521,74.0
1522,38.0
1523,22.0
1524,49.0
1525,52.0
1526,33.0
1527,24.0
1528,37.0
1529,70.0
1530,32.0
1531,62.0
1532,32.0
1533,23.0
1534,29.0
1535,31.0
1536,83.0
1537,57.0
1538,71.0
1539,42.0
1540,59.0
1541,33.0
1542,43.0
1543,26.0
1544,51.0
1545,49.0
1546,45.0
1547,50.0
1548,20.0
1549,31.0
1550,16.0
1551,21.0
1552,68.0
1553,15.0
1554,29.0
1555,27.0
1556,27.0
1557,49.0
1558,64.0
1559,22.0
1560,53.0
1561,34.0
1562,42.0
1563,32.0
1564,41.0
1565,20.0
1566,35.0
1567,82.0
1568,26.0
1569,44.0
1570,67.0
1571,30.0
1572,71.0
1573,38.0
1574,24.0
1575,34.0
1576,37.0
1577,111.0
1578,36.0
1579,19.0
1580,32.0
1581,17.0
1582,44.0
1583,56.0
1584,29.0
1585,41.0
1586,24.0
1587,45.0
1588,45.0
1589,40.0
1590,63.0
1591,48.0
1592,42.0
1593,34.0
1594,26.0
1595,59.0
1596,53.0
1597,38.0
1598,77.0
1599,36.0
1600,39.0
1601,40.0
1602,75.0
1603,30.0
1604,56.0
1605,54.0
1606,24.0
1607,36.0
1608,32.0
1609,34.0
1610,44.0
1611,26.0
1612,34.0
1613,63.0
1614,46.0
1615,57.0
1616,34.0
1617,57.0
1618,47.0
1619,22.0
1620,23.0
1621,28.0
1622,30.0
1623,46.0
1624,25.0
1625,42.0
1626,64.0
1627,63.0
1628,40.0
1629,51.0
1630,32.0
1631,91.0
1632,39.0
1633,44.0
1634,44.0
1635,25.0
1636,38.0
1637,46.0
1638,56.0
1639,39.0
1640,31.0
1641,24.0
1642,28.0
1643,24.0
1644,40.0
1645,87.0
1646,45.0
1647,43.0
1648,34.0
1649,112.0
1650,43.0
1651,41.0
1652,31.0
1653,25.0
1654,30.0
1655,45.0
1656,25.0
1657,89.0
1658,38.0
1659,35.0
1660,59.0
1661,46.0
1662,67.0
1663,31.0
1664,28.0
1665,31.0
1666,39.0
1667,38.0
1668,63.0
1669,47.0
1670,95.0
1671,45.0
1672,64.0
1673,50.0
1674,28.0
1675,35.0
1676,136.0
1677,37.0
1678,42.0
1679,46.0
1680,89.0
1681,81.0
1682,26.0
1683,86.0
1684,77.0
1685,28.0
1686,50.0
1687,23.0
1688,75.0
1689,36.0
1690,40.0
1691,58.0
1692,26.0
1693,52.0
1694,67.0
1695,48.0
1696,70.0
1697,76.0
1698,48.0
1699,43.0
1700,57.0
1701,66.0
1702,51.0
1703,34.0
1704,64.0
1705,31.0
1706,57.0
1707,82.0
1708,39.0
1709,39.0
1710,65.0
1711,41.0
1712,56.0
1713,28.0
1714,61.0
1715,34.0
1716,35.0
1717,58.0
1718,101.0
1719,13.0
1720,36.0
1721,87.0
1722,61.0
1723,20.0
1724,107.0
1725,40.0
1726,50.0
1727,52.0
1728,60.0
1729,44.0
1730,33.0
1731,86.0
1732,58.0
1733,78.0
1734,40.0
1735,27.0
1736,47.0
1737,32.0
1738,49.0
1739,61.0
1740,61.0
1741,62.0
1742,81.0
1743,44.0
1744,39.0
1745,28.0
1746,42.0
1747,38.0
1748,28.0
1749,43.0
1750,55.0
1751,38.0
1752,52.0
1753,55.0
1754,55.0
1755,61.0
1756,31.0
1757,85.0
1758,23.0
1759,34.0
1760,66.0
1761,30.0
1762,45.0
1763,30.0
1764,48.0
1765,39.0
1766,45.0
1767,36.0
1768,24.0
1769,67.0
1770,45.0
1771,67.0
1772,63.0
1773,107.0
1774,60.0
1775,51.0
1776,67.0
1777,104.0
1778,18.0
1779,32.0
1780,48.0
1781,36.0
1782,36.0
1783,62.0
1784,36.0
1785,78.0
1786,80.0
1787,71.0
1788,27.0
1789,46.0
1790,73.0
1791,56.0
1792,153.0
1793,106.0
1794,36.0
1795,77.0
1796,39.0
1797,42.0
1798,82.0
1799,54.0
1800,25.0
1801,100.0
1802,36.0
1803,73.0
1804,48.0
1805,47.0
1806,63.0
1807,106.0
1808,60.0
1809,60.0
1810,52.0
1811,46.0
1812,43.0
1813,35.0
1814,53.0
1815,62.0
1816,42.0
1817,76.0
1818,59.0
1819,71.0
1820,39.0
1821,36.0
1822,78.0
1823,25.0
1824,21.0
1825,30.0
1826,45.0
1827,56.0
1828,52.0
1829,49.0
1830,36.0
1831,48.0
1832,28.0
1833,24.0
1834,144.0
1835,26.0
1836,56.0
1837,37.0
1838,38.0
1839,47.0
1840,56.0
1841,50.0
1842,52.0
1843,31.0
1844,39.0
1845,77.0
1846,47.0
1847,35.0
1848,81.0
1849,51.0
1850,38.0
1851,72.0
1852,41.0
1853,52.0
1854,64.0
1855,75.0
1856,30.0
1857,49.0
1858,66.0
1859,43.0
1860,73.0
1861,44.0
1862,33.0
1863,33.0
1864,24.0
1865,29.0
1866,30.0
1867,49.0
1868,47.0
1869,36.0
1870,47.0
1871,71.0
1872,50.0
1873,35.0
1874,39.0
1875,58.0
1876,70.0
1877,36.0
1878,49.0
1879,110.0
1880,60.0
1881,28.0
1882,70.0
1883,70.0
1884,54.0
1885,61.0
1886,29.0
1887,61.0
1888,70.0
1889,51.0
1890,67.0
1891,112.0
1892,68.0
1893,71.0
1894,107.0
1895,63.0
1896,35.0
1897,54.0
1898,45.0
1899,27.0
1900,35.0
1901,49.0
1902,49.0
1903,90.0
1904,40.0
1905,62.0
1906,62.0
1907,43.0
1908,58.0
1909,49.0
1910,59.0
1911,91.0
1912,46.0
1913,42.0
1914,51.0
1915,33.0
1916,51.0
1917,72.0
1918,28.0
1919,50.0
1920,43.0
1921,26.0
1922,36.0
1923,37.0
1924,56.0
1925,62.0
1926,85.0
1927,64.0
1928,28.0
1929,41.0
1930,60.0
1931,43.0
1932,31.0
1933,38.0
1934,33.0
1935,26.0
1936,109.0
1937,59.0
1938,72.0
1939,31.0
1940,26.0
1941,52.0
1942,53.0
1943,33.0
1944,33.0
1945,46.0
1946,64.0
1947,22.0
1948,52.0
1949,29.0
1950,60.0
1951,84.0
1952,38.0
1953,33.0
1954,55.0
1955,35.0
1956,97.0
1957,38.0
1958,30.0
1959,47.0
1960,58.0
1961,41.0
1962,121.0
1963,37.0
1964,79.0
1965,78.0
1966,19.0
1967,61.0
1968,64.0
1969,69.0
1970,89.0
1971,34.0
1972,46.0
1973,63.0
1974,60.0
1975,75.0
1976,74.0
1977,39.0
1978,83.0
1979,74.0
1980,55.0
1981,72.0
1982,55.0
1983,58.0
1984,61.0
1985,73.0
1986,55.0
1987,42.0
1988,37.0
1989,57.0
1990,79.0
1991,79.0
1992,28.0
1993,76.0
1994,117.0
1995,22.0
1996,64.0
1997,12.0
1998,50.0
1999,64.0
2000,54.0
2001,35.0
2002,65.0
2003,41.0
2004,84.0
2005,70.0
2006,58.0
2007,62.0
2008,58.0
2009,32.0
2010,46.0
2011,48.0
2012,27.0
2013,26.0
2014,62.0
2015,45.0
2016,45.0
2017,52.0
2018,43.0
2019,39.0
2020,49.0
2021,86.0
2022,20.0
2023,88.0
2024,51.0
2025,50.0
2026,35.0
2027,32.0
2028,79.0
2029,71.0
2030,50.0
2031,134.0
2032,56.0
2033,56.0
2034,119.0
2035,72.0
2036,45.0
2037,32.0
2038,46.0
2039,43.0
2040,31.0
2041,137.0
2042,56.0
2043,72.0
2044,66.0
2045,69.0
2046,47.0
2047,81.0
2048,127.0
2049,93.0
2050,82.0
2051,34.0
2052,63.0
2053,63.0
2054,42.0
2055,39.0
2056,43.0
2057,31.0
2058,177.0
2059,42.0
2060,64.0
2061,62.0
2062,46.0
2063,51.0
2064,65.0
2065,43.0
2066,39.0
2067,50.0
2068,86.0
2069,87.0
2070,52.0
2071,64.0
2072,48.0
2073,69.0
2074,49.0
2075,92.0
2076,50.0
2077,36.0
2078,44.0
2079,57.0
2080,68.0
2081,49.0
2082,22.0
2083,39.0
2084,90.0
2085,41.0
2086,78.0
2087,102.0
2088,45.0
2089,26.0
2090,71.0
2091,36.0
2092,33.0
2093,26.0
2094,28.0
2095,91.0
2096,53.0
2097,60.0
2098,68.0
2099,51.0
2100,35.0
2101,53.0
2102,52.0
2103,130.0
2104,38.0
2105,42.0
2106,64.0
2107,165.0
2108,53.0
2109,78.0
2110,81.0
2111,76.0
2112,34.0
2113,90.0
2114,21.0
2115,73.0
2116,75.0
2117,22.0
2118,83.0
2119,90.0
2120,40.0
2121,66.0
2122,205.0
2123,60.0
2124,63.0
2125,70.0
2126,88.0
2127,100.0
2128,44.0
2129,68.0
2130,89.0
2131,66.0
2132,84.0
2133,58.0
2134,48.0
2135,131.0
2136,63.0
2137,68.0
2138,48.0
2139,73.0
2140,188.0
2141,32.0
2142,58.0
2143,60.0
2144,70.0
2145,93.0
2146,46.0
2147,72.0
2148,57.0
2149,18.0
2150,69.0
2151,55.0
2152,65.0
2153,62.0
2154,95.0
2155,138.0
2156,105.0
2157,54.0
2158,64.0
2159,25.0
2160,37.0
2161,44.0
2162,55.0
2163,60.0
2164,68.0
2165,103.0
2166,101.0
2167,80.0
2168,66.0
2169,287.0
2170,87.0
2171,143.0
2172,70.0
2173,71.0
2174,56.0
2175,56.0
2176,75.0
2177,41.0
2178,183.0
2179,18.0
2180,134.0
2181,75.0
2182,87.0
2183,64.0
2184,39.0
2185,51.0
2186,48.0
2187,39.0
2188,114.0
2189,29.0
2190,37.0
2191,75.0
2192,86.0
2193,42.0
2194,39.0
2195,34.0
2196,71.0
2197,49.0
2198,55.0
2199,26.0
2200,87.0
2201,52.0
2202,66.0
2203,104.0
2204,70.0
2205,251.0
2206,79.0
2207,39.0
2208,56.0
2209,66.0
2210,55.0
2211,76.0
2212,33.0
2213,69.0
2214,69.0
2215,57.0
2216,38.0
2217,26.0
2218,41.0
2219,41.0
2220,77.0
2221,51.0
2222,108.0
2223,88.0
2224,63.0
2225,83.0
2226,82.0
2227,72.0
2228,52.0
2229,39.0
2230,27.0
2231,76.0
2232,33.0
2233,64.0
2234,63.0
2235,60.0
2236,31.0
2237,68.0
2238,21.0
2239,59.0
2240,41.0
2241,137.0
2242,42.0
2243,49.0
2244,116.0
2245,60.0
2246,94.0
2247,39.0
2248,37.0
2249,51.0
2250,88.0
2251,96.0
2252,50.0
2253,64.0
2254,54.0
2255,82.0
2256,122.0
2257,52.0
2258,26.0
2259,45.0
2260,188.0
2261,95.0
2262,59.0
2263,103.0
2264,75.0
2265,47.0
2266,107.0
2267,113.0
2268,81.0
2269,44.0
2270,118.0
2271,56.0
2272,120.0
2273,96.0
2274,45.0
2275,125.0
2276,65.0
2277,47.0
2278,40.0
2279,84.0
2280,73.0
2281,113.0
2282,86.0
2283,44.0
2284,99.0
2285,55.0
2286,99.0
2287,85.0
2288,145.0
2289,234.0
2290,81.0
2291,75.0
2292,92.0
2293,14.0
2294,75.0
2295,49.0
2296,49.0
2297,80.0
2298,88.0
2299,77.0
2300,152.0
2301,60.0
2302,50.0
2303,112.0
2304,103.0
2305,168.0
2306,56.0
2307,68.0
2308,108.0
2309,83.0
2310,33.0
2311,107.0
2312,41.0
2313,58.0
2314,88.0
2315,83.0
2316,73.0
2317,85.0
2318,57.0
2319,153.0
2320,61.0
2321,63.0
2322,65.0
2323,119.0
2324,83.0
2325,82.0
2326,136.0
2327,102.0
2328,54.0
2329,84.0
2330,36.0
2331,81.0
2332,56.0
2333,106.0
2334,68.0
2335,72.0
2336,64.0
2337,169.0
2338,117.0
2339,106.0
2340,38.0
2341,82.0
2342,123.0
2343,162.0
2344,27.0
2345,132.0
2346,68.0
2347,107.0
2348,63.0
2349,96.0
2350,76.0
2351,67.0
2352,106.0
2353,107.0
2354,53.0
2355,77.0
2356,47.0
2357,46.0
2358,48.0
2359,42.0
2360,35.0
2361,58.0
2362,83.0
2363,65.0
2364,220.0
2365,135.0
2366,63.0
2367,65.0
2368,76.0
2369,64.0
2370,251.0
2371,98.0
2372,52.0
2373,107.0
2374,101.0
2375,58.0
2376,61.0
2377,162.0
2378,90.0
2379,34.0
2380,78.0
2381,82.0
2382,83.0
2383,250.0
2384,115.0
2385,64.0
2386,64.0
2387,171.0
2388,100.0
2389,65.0
2390,83.0
2391,60.0
2392,81.0
2393,67.0
2394,36.0
2395,75.0
2396,100.0
2397,121.0
2398,124.0
2399,55.0
2400,123.0
2401,94.0
2402,90.0
2403,80.0
2404,144.0
2405,128.0
2406,91.0
2407,57.0
2408,122.0
2409,47.0
2410,29.0
2411,75.0
2412,125.0
2413,77.0
2414,33.0
2415,88.0
2416,131.0
2417,107.0
2418,66.0
2419,60.0
2420,197.0
2421,44.0
2422,92.0
2423,111.0
2424,81.0
2425,116.0
2426,127.0
2427,85.0
2428,113.0
2429,90.0
2430,146.0
2431,54.0
2432,123.0
2433,81.0
2434,74.0
2435,103.0
2436,145.0
2437,48.0
2438,124.0
2439,50.0
2440,57.0
2441,108.0
2442,111.0
2443,42.0
2444,51.0
2445,120.0
2446,69.0
2447,65.0
2448,74.0
2449,64.0
2450,69.0
2451,70.0
2452,74.0
2453,61.0
2454,51.0
2455,111.0
2456,144.0
2457,99.0
2458,39.0
2459,80.0
2460,54.0
2461,94.0
2462,77.0
2463,39.0
2464,72.0
2465,128.0
2466,110.0
2467,72.0
2468,129.0
2469,68.0
2470,113.0
2471,115.0
2472,54.0
2473,105.0
2474,100.0
2475,117.0
2476,51.0
2477,67.0
2478,169.0
2479,118.0
2480,105.0
2481,61.0
2482,111.0
2483,93.0
2484,50.0
2485,62.0
2486,107.0
2487,78.0
2488,143.0
2489,91.0
2490,109.0
2491,21.0
2492,78.0
2493,84.0
2494,65.0
2495,56.0
2496,81.0
2497,53.0
2498,78.0
2499,80.0
2500,181.0
2501,116.0
2502,65.0
2503,75.0
2504,41.0
2505,173.0
2506,124.0
2507,108.0
2508,75.0
2509,65.0
2510,170.0
2511,67.0
2512,177.0
2513,143.0
2514,57.0
2515,204.0
2516,57.0
2517,137.0
2518,136.0
2519,108.0
2520,116.0
2521,148.0
2522,87.0
2523,169.0
2524,156.0
2525,184.0
2526,163.0
2527,228.0
2528,236.0
2529,211.0
2530,67.0
2531,54.0
2532,166.0
2533,139.0
2534,38.0
2535,148.0
2536,188.0
2537,112.0
2538,111.0
2539,171.0
2540,59.0
2541,140.0
2542,194.0
2543,129.0
2544,131.0
2545,49.0
2546,170.0
2547,146.0
2548,136.0
2549,152.0
2550,115.0
2551,128.0
2552,125.0
2553,163.0
2554,213.0
2555,168.0
2556,141.0
2557,134.0
2558,246.0
2559,78.0
2560,130.0
2561,103.0
2562,75.0
2563,43.0
2564,53.0
2565,63.0
2566,48.0
2567,68.0
2568,72.0
2569,253.0
2570,100.0
2571,94.0
2572,83.0
2573,288.0
2574,210.0
2575,182.0
2576,166.0
2577,105.0
2578,175.0
2579,267.0
2580,195.0
2581,156.0
2582,93.0
2583,161.0
2584,166.0
2585,127.0
2586,72.0
2587,160.0
2588,155.0
2589,161.0
2590,79.0
2591,130.0
2592,202.0
2593,70.0
2594,168.0
2595,123.0
2596,195.0
2597,146.0
2598,65.0
2599,125.0
2600,92.0
2601,28.0
2602,91.0
2603,121.0
2604,66.0
2605,83.0
2606,62.0
2607,270.0
2608,71.0
2609,106.0
2610,111.0
2611,81.0
2612,92.0
2613,299.0
2614,113.0
2615,111.0
2616,133.0
2617,146.0
2618,108.0
2619,104.0
2620,118.0
2621,103.0
2622,125.0
2623,232.0
2624,144.0
2625,216.0
2626,101.0
2627,196.0
2628,59.0
2629,139.0
2630,82.0
2631,71.0
2632,44.0
2633,140.0
2634,47.0
2635,37.0
2636,59.0
2637,64.0
2638,145.0
2639,57.0
2640,61.0
2641,90.0
2642,95.0
2643,82.0
2644,72.0
2645,84.0
2646,62.0
2647,170.0
2648,131.0
2649,78.0
2650,130.0
2651,124.0
2652,126.0
2653,145.0
2654,80.0
2655,145.0
2656,196.0
2657,282.0
2658,112.0
2659,171.0
2660,158.0
2661,93.0
2662,201.0
2663,115.0
2664,293.0
2665,47.0
2666,31.0
2667,48.0
2668,88.0
2669,75.0
2670,101.0
2671,39.0
2672,111.0
2673,145.0
2674,68.0
2675,64.0
2676,132.0
2677,176.0
2678,89.0
2679,327.0
2680,221.0
2681,120.0
2682,67.0
2683,228.0
2684,71.0
2685,93.0
2686,243.0
2687,491.0
2688,115.0
2689,93.0
2690,161.0
2691,108.0
2692,87.0
2693,88.0
2694,62.0
2695,49.0
2696,52.0
2697,49.0
2698,48.0
2699,64.0
2700,25.0
2701,75.0
2702,109.0
2703,65.0
2704,123.0
2705,89.0
2706,114.0
2707,76.0
2708,463.0
2709,233.0
2710,96.0
2711,146.0
2712,190.0
2713,140.0
2714,116.0
2715,136.0
2716,178.0
2717,140.0
2718,197.0
2719,214.0
2720,131.0
2721,150.0
2722,167.0
2723,86.0
2724,46.0
2725,103.0
2726,91.0
2727,64.0
2728,40.0
2729,94.0
2730,132.0
2731,83.0
2732,170.0
2733,20.0
2734,72.0
2735,61.0
2736,75.0
2737,50.0
2738,35.0
2739,61.0
2740,96.0
2741,107.0
2742,50.0
2743,59.0
2744,99.0
2745,96.0
2746,99.0
2747,90.0
2748,195.0
2749,134.0
2750,102.0
2751,92.0
2752,139.0
2753,115.0
2754,87.0
2755,192.0
2756,87.0
2757,92.0
2758,80.0
2759,62.0
2760,206.0
2761,131.0
2762,113.0
2763,100.0
2764,91.0
2765,168.0
2766,85.0
2767,140.0
2768,118.0
2769,119.0
2770,175.0
2771,105.0
2772,258.0
2773,73.0
2774,292.0
2775,184.0
2776,168.0
2777,287.0
2778,284.0
2779,118.0
2780,214.0
2781,234.0
2782,198.0
2783,247.0
2784,219.0
2785,250.0
2786,150.0
2787,200.0
2788,219.0
2789,232.0
2790,294.0
2791,282.0
2792,258.0
2793,162.0
2794,115.0
2795,284.0
2796,208.0
2797,217.0
2798,182.0
2799,253.0
2800,92.0
2801,155.0
2802,415.0
2803,307.0
2804,87.0
2805,178.0
2806,152.0
2807,136.0
2808,75.0
2809,153.0
2810,263.0
2811,107.0
2812,203.0
2813,171.0
2814,100.0
2815,116.0
2816,277.0
2817,270.0
2818,75.0
2819,307.0
2820,311.0
2821,352.0
2822,409.0
2823,304.0
2824,265.0
2825,225.0
2826,578.0
2827,144.0
2828,307.0
2829,412.0
2830,196.0
2831,215.0
2832,220.0
2833,240.0
2834,380.0
2835,233.0
2836,259.0
2837,462.0
2838,371.0
2839,262.0
2840,244.0
2841,152.0
2842,216.0
2843,327.0
2844,118.0
2845,193.0
2846,378.0
2847,194.0
2848,137.0
2849,138.0
2850,218.0
2851,98.0
2852,236.0
2853,78.0
2854,115.0
2855,127.0
2856,189.0
2857,132.0
2858,276.0
2859,182.0
2860,198.0
2861,161.0
2862,212.0
2863,291.0
2864,329.0
2865,210.0
2866,229.0
2867,265.0
2868,179.0
2869,526.0
2870,180.0
2871,195.0
2872,414.0
2873,203.0
2874,105.0
2875,233.0
2876,146.0
2877,184.0
2878,276.0
2879,448.0
2880,219.0
2881,281.0
2882,246.0
2883,169.0
2884,293.0
2885,243.0
2886,233.0
2887,159.0
2888,140.0
2889,234.0
2890,215.0
2891,147.0
2892,196.0
2893,166.0
2894,136.0
2895,272.0
2896,184.0
2897,143.0
2898,236.0
2899,209.0
2900,245.0
2901,122.0
2902,112.0
2903,209.0
2904,280.0
2905,535.0
2906,123.0
2907,255.0
2908,98.0
2909,88.0
2910,91.0
2911,99.0
2912,217.0
2913,64.0
2914,75.0
2915,207.0
2916,281.0
2917,67.0
2918,367.0
2919,324.0
2920,312.0
2921,176.0
2922,184.0
2923,236.0
2924,145.0
2925,133.0
2926,243.0
2927,156.0
2928,143.0
2929,102.0
2930,201.0
2931,155.0
2932,158.0
2933,140.0
2934,138.0
2935,170.0
2936,162.0
2937,254.0
2938,115.0
2939,222.0
2940,395.0
2941,185.0
2942,98.0
2943,171.0
2944,147.0
2945,104.0
2946,177.0
2947,182.0
2948,286.0
2949,346.0
2950,186.0
2951,314.0
2952,216.0
2953,258.0
2954,269.0
2955,182.0
2956,308.0
2957,199.0
2958,198.0
2959,279.0
2960,209.0
2961,179.0
2962,144.0
2963,316.0
2964,193.0
2965,217.0
2966,136.0
2967,106.0
2968,226.0
2969,208.0
2970,303.0
2971,365.0
2972,149.0
2973,289.0
2974,161.0
2975,160.0
2976,295.0
2977,169.0
2978,226.0
2979,273.0
2980,199.0
2981,227.0
2982,190.0
2983,246.0
2984,173.0
2985,236.0
2986,296.0
2987,139.0
2988,167.0
2989,146.0
2990,141.0
2991,228.0
2992,179.0
2993,182.0
2994,194.0
2995,186.0
2996,319.0
2997,174.0
2998,150.0
2999,135.0
3000,169.0
3001,184.0
3002,201.0
3003,115.0
3004,203.0
3005,241.0
3006,201.0
3007,190.0
3008,142.0
3009,204.0
3010,270.0
3011,164.0
3012,260.0
3013,219.0
3014,366.0
3015,268.0
3016,523.0
3017,189.0
3018,265.0
3019,301.0
3020,212.0
3021,196.0
3022,209.0
3023,193.0
3024,168.0
3025,153.0
3026,152.0
3027,200.0
3028,179.0
3029,104.0
3030,168.0
3031,136.0
3032,112.0
3033,153.0
3034,128.0
3035,151.0
3036,131.0
3037,154.0
3038,140.0
3039,138.0
3040,177.0
3041,146.0
3042,61.0
3043,147.0
3044,156.0
3045,166.0
3046,64.0
3047,188.0
3048,144.0
3049,226.0
3050,232.0
3051,383.0
3052,536.0
3053,217.0
3054,113.0
3055,88.0
3056,266.0
3057,158.0
3058,274.0
3059,291.0
3060,114.0
3061,152.0
3062,165.0
3063,130.0
3064,150.0
3065,255.0
3066,200.0
3067,103.0
3068,168.0
3069,183.0
3070,184.0
3071,229.0
3072,218.0
3073,232.0
3074,247.0
3075,220.0
3076,223.0
3077,206.0
3078,207.0
3079,168.0
3080,323.0
3081,158.0
3082,201.0
3083,176.0
3084,163.0
3085,156.0
3086,161.0
3087,136.0
3088,165.0
3089,140.0
3090,157.0
3091,149.0
3092,135.0
3093,124.0
3094,121.0
3095,108.0
3096,124.0
3097,37.0
3098,104.0
3099,104.0
3100,104.0
3101,108.0
3102,105.0
3103,47.0
3104,110.0
3105,119.0
3106,145.0
3107,138.0
3108,155.0
3109,125.0
3110,154.0
3111,112.0
3112,130.0
3113,186.0
3114,135.0
3115,131.0
3116,132.0
3117,136.0
3118,145.0
3119,144.0
3120,153.0
3121,303.0
3122,187.0
3123,180.0
3124,172.0
3125,146.0
3126,144.0
3127,119.0
3128,165.0
3129,220.0
3130,142.0
3131,137.0
3132,132.0
3133,242.0
3134,128.0
3135,152.0
3136,157.0
3137,130.0
3138,155.0
3139,167.0
3140,131.0
3141,103.0
3142,114.0
3143,181.0
3144,226.0
3145,140.0
3146,129.0
3147,108.0
3148,125.0
3149,104.0
3150,117.0
3151,117.0
3152,105.0
3153,111.0
3154,134.0
3155,107.0
3156,133.0
3157,139.0
3158,110.0
3159,127.0
3160,71.0
3161,124.0
3162,107.0
3163,125.0
3164,52.0
3165,145.0
3166,146.0
3167,149.0
3168,177.0
3169,147.0
3170,149.0
3171,159.0
3172,233.0
3173,156.0
3174,215.0
3175,212.0
3176,102.0
3177,111.0
3178,304.0
3179,185.0
3180,171.0
3181,159.0
3182,198.0
3183,187.0
3184,227.0
3185,146.0
3186,132.0
3187,70.0
3188,133.0
3189,95.0
3190,107.0
3191,50.0
3192,60.0
3193,57.0
3194,63.0
3195,48.0
3196,85.0
3197,41.0
3198,48.0
3199,83.0
3200,110.0
3201,109.0
3202,123.0
3203,133.0
3204,82.0
3205,127.0
3206,239.0
3207,109.0
3208,136.0
3209,111.0
3210,54.0
3211,149.0
3212,104.0
3213,59.0
3214,78.0
3215,59.0
3216,159.0
3217,89.0
3218,113.0
3219,103.0
3220,76.0
3221,141.0
3222,162.0
3223,140.0
3224,98.0
3225,94.0
3226,104.0
3227,101.0
3228,106.0
3229,173.0
3230,133.0
3231,119.0
3232,123.0
3233,104.0
3234,80.0
3235,183.0
3236,298.0
3237,150.0
3238,127.0
3239,104.0
3240,126.0
3241,303.0
3242,124.0
3243,122.0
3244,124.0
3245,100.0
3246,135.0
3247,84.0
3248,91.0
3249,138.0
3250,97.0
3251,242.0
3252,122.0
3253,196.0
3254,82.0
3255,85.0
3256,30.0
3257,71.0
3258,41.0
3259,92.0
3260,177.0
3261,126.0
3262,133.0
3263,97.0
3264,188.0
3265,169.0
3266,162.0
3267,161.0
3268,131.0
3269,153.0
3270,84.0
3271,64.0
3272,111.0
3273,110.0
3274,189.0
3275,255.0
3276,137.0
3277,148.0
3278,202.0
3279,110.0
3280,128.0
3281,134.0
3282,96.0
3283,222.0
3284,99.0
3285,146.0
3286,122.0
3287,186.0
3288,170.0
3289,112.0
3290,132.0
3291,129.0
3292,187.0
3293,259.0
3294,182.0
3295,151.0
3296,179.0
3297,135.0
3298,202.0
3299,131.0
3300,127.0
3301,113.0
3302,115.0
3303,134.0
3304,101.0
3305,126.0
3306,40.0
3307,48.0
3308,65.0
3309,63.0
3310,43.0
3311,87.0
3312,101.0
3313,79.0
3314,88.0
3315,130.0
3316,68.0
3317,100.0
3318,87.0
3319,86.0
3320,110.0
3321,91.0
3322,87.0
3323,93.0
3324,106.0
3325,120.0
3326,126.0
3327,114.0
3328,126.0
3329,123.0
3330,79.0
3331,193.0
3332,93.0
3333,88.0
3334,89.0
3335,94.0
3336,84.0
3337,101.0
3338,91.0
3339,119.0
3340,131.0
3341,125.0
3342,153.0
3343,119.0
3344,85.0
3345,84.0
3346,83.0
3347,109.0
3348,104.0
3349,151.0
3350,154.0
3351,144.0
3352,108.0
3353,97.0
3354,103.0
3355,131.0
3356,186.0
3357,122.0
3358,219.0
3359,127.0
3360,109.0
3361,230.0
3362,118.0
3363,93.0
3364,202.0
3365,162.0
3366,148.0
3367,230.0
3368,103.0
3369,92.0
3370,135.0
3371,82.0
3372,111.0
3373,141.0
3374,135.0
3375,158.0
3376,185.0
3377,179.0
3378,153.0
3379,144.0
3380,225.0
3381,321.0
3382,104.0
3383,220.0
3384,135.0
3385,211.0
3386,202.0
3387,122.0
3388,199.0
3389,123.0
3390,118.0
3391,114.0
3392,148.0
3393,91.0
3394,171.0
3395,45.0
3396,156.0
3397,76.0
3398,88.0
3399,169.0
3400,105.0
3401,150.0
3402,139.0
3403,153.0
3404,101.0
3405,113.0
3406,127.0
3407,114.0
3408,211.0
3409,170.0
3410,191.0
3411,139.0
3412,126.0
3413,156.0
3414,84.0
3415,176.0
3416,125.0
3417,173.0
3418,197.0
3419,139.0
3420,127.0
3421,127.0
3422,170.0
3423,219.0
3424,146.0
3425,261.0
3426,225.0
3427,224.0
3428,155.0
3429,137.0
3430,169.0
3431,124.0
3432,147.0
3433,212.0
3434,117.0
3435,95.0
3436,206.0
3437,122.0
3438,148.0
3439,128.0
3440,238.0
3441,226.0
3442,187.0
3443,144.0
3444,169.0
3445,157.0
3446,138.0
3447,138.0
3448,185.0
3449,123.0
3450,162.0
3451,176.0
3452,175.0
3453,120.0
3454,109.0
3455,105.0
3456,111.0
3457,108.0
3458,76.0
3459,69.0
3460,101.0
3461,98.0
3462,106.0
3463,94.0
3464,89.0
3465,83.0
3466,123.0
3467,88.0
3468,121.0
3469,110.0
3470,122.0
3471,108.0
3472,132.0
3473,117.0
3474,193.0
3475,108.0
3476,105.0
3477,211.0
3478,125.0
3479,170.0
3480,110.0
3481,192.0
3482,210.0
3483,137.0
3484,126.0
3485,138.0
3486,122.0
3487,106.0
3488,154.0
3489,107.0
3490,108.0
3491,152.0
3492,131.0
3493,134.0
3494,97.0
3495,105.0
3496,78.0
3497,98.0
3498,99.0
3499,114.0
3500,120.0
3501,194.0
3502,117.0
3503,355.0
3504,134.0
3505,151.0
3506,244.0
3507,232.0
3508,460.0
3509,235.0
3510,261.0
3511,216.0
3512,187.0
3513,148.0
3514,224.0
3515,162.0
3516,177.0
3517,169.0
3518,241.0
3519,134.0
3520,114.0
3521,122.0
3522,148.0
3523,97.0
3524,92.0
3525,114.0
3526,98.0
3527,108.0
3528,53.0
3529,134.0
3530,106.0
3531,137.0
3532,163.0
3533,141.0
3534,148.0
3535,105.0
3536,134.0
3537,123.0
3538,155.0
3539,133.0
3540,159.0
3541,125.0
3542,132.0
3543,125.0
3544,127.0
3545,142.0
3546,143.0
3547,149.0
3548,150.0
3549,131.0
3550,269.0
3551,131.0
3552,183.0
3553,102.0
3554,412.0
3555,118.0
3556,195.0
3557,168.0
3558,126.0
3559,122.0
3560,124.0
3561,148.0
3562,145.0
3563,143.0
3564,150.0
3565,250.0
3566,138.0
3567,169.0
3568,181.0
3569,152.0
3570,122.0
3571,127.0
3572,167.0
3573,165.0
3574,161.0
3575,169.0
3576,162.0
3577,147.0
3578,157.0
3579,177.0
3580,155.0
3581,126.0
3582,140.0
3583,125.0
3584,167.0
3585,144.0
3586,131.0
3587,255.0
3588,199.0
3589,137.0
3590,127.0
3591,116.0
3592,125.0
3593,270.0
3594,282.0
3595,159.0
3596,315.0
3597,157.0
3598,187.0
3599,199.0
3600,194.0
3601,143.0
3602,164.0
3603,168.0
3604,190.0
3605,314.0
3606,252.0
3607,113.0
3608,259.0
3609,214.0
3610,178.0
3611,196.0
3612,140.0
3613,172.0
3614,136.0
3615,125.0
3616,210.0
3617,137.0
3618,179.0
3619,179.0
3620,176.0
3621,228.0
3622,162.0
3623,205.0
3624,171.0
3625,148.0
3626,165.0
3627,197.0
3628,271.0
3629,165.0
3630,240.0
3631,167.0
3632,163.0
3633,163.0
3634,176.0
3635,205.0
3636,315.0
3637,142.0
3638,150.0
3639,198.0
3640,213.0
3641,160.0
3642,144.0
3643,220.0
3644,172.0
3645,189.0
3646,286.0
3647,185.0
3648,169.0
3649,199.0
3650,165.0
3651,163.0
3652,242.0
3653,225.0
3654,226.0
3655,192.0
3656,217.0
3657,160.0
3658,186.0
3659,148.0
3660,150.0
3661,251.0
3662,138.0
3663,195.0
3664,156.0
3665,219.0
3666,203.0
3667,138.0
3668,276.0
3669,165.0
3670,281.0
3671,156.0
3672,300.0
3673,236.0
3674,170.0
3675,159.0
3676,176.0
3677,120.0
3678,182.0
3679,129.0
3680,173.0
3681,127.0
3682,214.0
3683,145.0
3684,181.0
3685,183.0
3686,174.0
3687,214.0
3688,270.0
3689,197.0
3690,140.0
3691,412.0
3692,249.0
3693,183.0
3694,137.0
3695,170.0
3696,215.0
3697,397.0
3698,510.0
3699,149.0
3700,148.0
3701,32.0
3702,172.0
3703,191.0
3704,174.0
3705,359.0
3706,291.0
3707,150.0
3708,140.0
3709,138.0
3710,257.0
3711,157.0
3712,151.0
3713,131.0
3714,116.0
3715,159.0
3716,141.0
3717,170.0
3718,170.0
3719,138.0
3720,156.0
3721,173.0
3722,136.0
3723,141.0
3724,159.0
3725,208.0
3726,194.0
3727,255.0
3728,235.0
3729,146.0
3730,166.0
3731,207.0
3732,203.0
3733,192.0
3734,305.0
3735,239.0
3736,237.0
3737,242.0
3738,462.0
3739,360.0
3740,361.0
3741,261.0
3742,151.0
3743,340.0
3744,113.0
3745,225.0
3746,161.0
3747,144.0
3748,210.0
3749,130.0
3750,179.0
3751,160.0
3752,163.0
3753,155.0
3754,122.0
3755,200.0
3756,123.0
3757,147.0
3758,112.0
3759,116.0
3760,109.0
3761,115.0
3762,138.0
3763,207.0
3764,157.0
3765,144.0
3766,114.0
3767,184.0
3768,130.0
3769,115.0
3770,157.0
3771,195.0
3772,168.0
3773,126.0
3774,144.0
3775,112.0
3776,114.0
3777,269.0
3778,140.0
3779,140.0
3780,138.0
3781,158.0
3782,419.0
3783,139.0
3784,270.0
3785,337.0
3786,216.0
3787,230.0
3788,238.0
3789,196.0
3790,176.0
3791,197.0
3792,248.0
3793,113.0
3794,228.0
3795,295.0
3796,118.0
3797,155.0
3798,155.0
3799,132.0
3800,137.0
3801,146.0
3802,141.0
3803,173.0
3804,171.0
3805,143.0
3806,182.0
3807,172.0
3808,137.0
3809,299.0
3810,158.0
3811,182.0
3812,126.0
3813,240.0
3814,157.0
3815,501.0
3816,199.0
3817,195.0
3818,236.0
3819,188.0
3820,121.0
3821,176.0
3822,157.0
3823,147.0
3824,241.0
3825,173.0
3826,140.0
3827,191.0
3828,156.0
3829,138.0
3830,222.0
3831,313.0
3832,275.0
3833,181.0
3834,253.0
3835,432.0
3836,198.0
3837,152.0
3838,188.0
3839,236.0
3840,175.0
3841,195.0
3842,305.0
3843,134.0
3844,121.0
3845,170.0
3846,161.0
3847,158.0
3848,146.0
3849,155.0
3850,151.0
3851,129.0
3852,97.0
3853,127.0
3854,121.0
3855,135.0
3856,127.0
3857,173.0
3858,140.0
3859,155.0
3860,156.0
3861,122.0
3862,176.0
3863,209.0
3864,260.0
3865,175.0
3866,208.0
3867,125.0
3868,133.0
3869,127.0
3870,146.0
3871,118.0
3872,159.0
3873,189.0
3874,167.0
3875,133.0
3876,133.0
3877,120.0
3878,153.0
3879,168.0
3880,139.0
3881,255.0
3882,123.0
3883,136.0
3884,167.0
3885,235.0
3886,142.0
3887,162.0
3888,134.0
3889,135.0
3890,129.0
3891,168.0
3892,163.0
3893,132.0
3894,135.0
3895,110.0
3896,150.0
3897,159.0
3898,151.0
3899,145.0
3900,135.0
3901,156.0
3902,142.0
3903,110.0
3904,151.0
3905,137.0
3906,175.0
3907,154.0
3908,206.0
3909,133.0
3910,198.0
3911,134.0
3912,161.0
3913,173.0
3914,223.0
3915,158.0
3916,398.0
3917,137.0
3918,166.0
3919,160.0
3920,134.0
3921,116.0
3922,149.0
3923,280.0
3924,132.0
3925,140.0
3926,123.0
3927,172.0
3928,202.0
3929,144.0
3930,139.0
3931,157.0
3932,183.0
3933,202.0
3934,135.0
3935,170.0
3936,145.0
3937,142.0
3938,111.0
3939,161.0
3940,150.0
3941,127.0
3942,128.0
3943,117.0
3944,116.0
3945,152.0
3946,154.0
3947,153.0
3948,184.0
3949,123.0
3950,141.0
3951,118.0
3952,334.0
3953,157.0
3954,207.0
3955,159.0
3956,143.0
3957,226.0
3958,238.0
3959,217.0
3960,318.0
3961,268.0
3962,263.0
3963,193.0
3964,190.0
3965,146.0
3966,206.0
3967,178.0
3968,165.0
3969,180.0
3970,211.0
3971,137.0
3972,267.0
3973,202.0
3974,439.0
3975,197.0
3976,160.0
3977,495.0
3978,443.0
3979,406.0
3980,232.0
3981,240.0
3982,179.0
3983,145.0
3984,447.0
3985,254.0
3986,242.0
3987,167.0
3988,204.0
3989,214.0
3990,179.0
3991,181.0
3992,161.0
3993,211.0
3994,135.0
3995,280.0
3996,156.0
3997,152.0
3998,177.0
3999,188.0
4000,144.0
4001,134.0
4002,234.0
4003,270.0
4004,213.0
4005,151.0
4006,197.0
4007,224.0
4008,211.0
4009,182.0
4010,153.0
4011,139.0
4012,153.0
4013,181.0
4014,188.0
4015,319.0
4016,163.0
4017,226.0
4018,186.0
4019,147.0
4020,232.0
4021,203.0
4022,254.0
4023,185.0
4024,341.0
4025,172.0
4026,171.0
4027,168.0
4028,195.0
4029,153.0
4030,331.0
4031,155.0
4032,561.0
4033,177.0
4034,145.0
4035,155.0
4036,198.0
4037,147.0
4038,180.0
4039,140.0
4040,199.0
4041,169.0
4042,179.0
4043,148.0
4044,135.0
4045,133.0
4046,149.0
4047,169.0
4048,214.0
4049,139.0
4050,188.0
4051,128.0
4052,180.0
4053,232.0
4054,161.0
4055,286.0
4056,149.0
4057,277.0
4058,200.0
4059,196.0
4060,134.0
4061,157.0
4062,194.0
4063,143.0
4064,166.0
4065,170.0
4066,215.0
4067,128.0
4068,161.0
4069,134.0
4070,167.0
4071,169.0
4072,166.0
4073,202.0
4074,136.0
4075,292.0
4076,334.0
4077,156.0
4078,118.0
4079,199.0
4080,194.0
4081,128.0
4082,131.0
4083,163.0
4084,220.0
4085,146.0
4086,209.0
4087,156.0
4088,319.0
4089,199.0
4090,144.0
4091,109.0
4092,224.0
4093,165.0
4094,140.0
4095,171.0
4096,178.0
4097,197.0
4098,190.0
4099,189.0
4100,150.0
4101,153.0
4102,187.0
4103,204.0
4104,159.0
4105,172.0
4106,169.0
4107,168.0
4108,177.0
4109,178.0
4110,290.0
4111,174.0
4112,173.0
4113,216.0
4114,164.0
4115,213.0
4116,231.0
4117,239.0
4118,182.0
4119,180.0
4120,203.0
4121,235.0
4122,121.0
4123,180.0
4124,192.0
4125,378.0
4126,287.0
4127,167.0
4128,223.0
4129,291.0
4130,268.0
4131,207.0
4132,182.0
4133,191.0
4134,225.0
4135,326.0
4136,526.0
4137,257.0
4138,162.0
4139,163.0
4140,184.0
4141,259.0
4142,228.0
4143,169.0
4144,307.0
4145,233.0
4146,157.0
4147,164.0
4148,190.0
4149,234.0
4150,234.0
4151,180.0
4152,195.0
4153,216.0
4154,254.0
4155,173.0
4156,190.0
4157,228.0
4158,222.0
4159,455.0
4160,240.0
4161,569.0
4162,375.0
4163,346.0
4164,262.0
4165,265.0
4166,212.0
4167,254.0
4168,143.0
4169,167.0
4170,150.0
4171,137.0
4172,126.0
4173,147.0
4174,169.0
4175,136.0
4176,151.0
4177,139.0
4178,155.0
4179,152.0
4180,164.0
4181,142.0
4182,195.0
4183,164.0
4184,168.0
4185,148.0
4186,172.0
4187,181.0
4188,232.0
4189,222.0
4190,273.0
4191,214.0
4192,208.0
4193,267.0
4194,248.0
4195,290.0
4196,351.0
4197,304.0
4198,204.0
4199,232.0
4200,587.0
4201,266.0
4202,285.0
4203,341.0
4204,203.0
4205,232.0
4206,295.0
4207,305.0
4208,734.0
4209,321.0
4210,560.0
4211,184.0
4212,211.0
4213,230.0
4214,309.0
4215,223.0
4216,212.0
4217,207.0
4218,243.0
4219,133.0
4220,454.0
4221,161.0
4222,173.0
4223,196.0
4224,255.0
4225,392.0
4226,252.0
4227,197.0
4228,224.0
4229,238.0
4230,168.0
4231,228.0
4232,278.0
4233,183.0
4234,261.0
4235,334.0
4236,264.0
4237,266.0
4238,279.0
4239,323.0
4240,247.0
4241,650.0
4242,237.0
4243,323.0
4244,228.0
4245,282.0
4246,256.0
4247,338.0
4248,251.0
4249,330.0
4250,502.0
4251,613.0
4252,363.0
4253,448.0
4254,346.0
4255,258.0
4256,237.0
4257,322.0
4258,247.0
4259,402.0
4260,300.0
4261,371.0
4262,345.0
4263,264.0
4264,233.0
4265,274.0
4266,275.0
4267,290.0
4268,577.0
4269,381.0
4270,276.0
4271,252.0
4272,287.0
4273,329.0
4274,284.0
4275,345.0
4276,611.0
4277,180.0
4278,239.0
4279,246.0
4280,382.0
4281,483.0
4282,332.0
4283,216.0
4284,636.0
4285,269.0
4286,879.0
4287,366.0
4288,307.0
4289,400.0
4290,327.0
4291,387.0
4292,320.0
4293,461.0
4294,257.0
4295,317.0
4296,260.0
4297,416.0
4298,279.0
4299,205.0
4300,286.0
4301,279.0
4302,346.0
4303,274.0
4304,224.0
4305,235.0
4306,628.0
4307,292.0
4308,170.0
4309,444.0
4310,286.0
4311,536.0
4312,215.0
4313,222.0
4314,292.0
4315,786.0
4316,207.0
4317,324.0
4318,219.0
4319,243.0
4320,390.0
4321,394.0
4322,352.0
4323,420.0
4324,319.0
4325,293.0
4326,485.0
4327,241.0
4328,357.0
4329,293.0
4330,191.0
4331,235.0
4332,509.0
4333,225.0
4334,262.0
4335,275.0
4336,363.0
4337,219.0
4338,268.0
4339,266.0
4340,550.0
4341,217.0
4342,967.0
4343,502.0
4344,317.0
4345,258.0
4346,259.0
4347,226.0
4348,263.0
4349,243.0
4350,200.0
4351,315.0
4352,224.0
4353,335.0
4354,250.0
4355,347.0
4356,279.0
4357,475.0
4358,336.0
4359,352.0
4360,360.0
4361,287.0
4362,453.0
4363,237.0
4364,175.0
4365,164.0
4366,133.0
4367,237.0
4368,165.0
4369,99.0
4370,100.0
4371,82.0
4372,93.0
4373,110.0
4374,139.0
4375,114.0
4376,125.0
4377,264.0
4378,311.0
4379,436.0
4380,322.0
4381,327.0
4382,197.0
4383,182.0
4384,194.0
4385,180.0
4386,188.0
4387,168.0
4388,209.0
4389,214.0
4390,220.0
4391,357.0
4392,203.0
4393,371.0
4394,901.0
4395,307.0
4396,159.0
4397,130.0
4398,99.0
4399,106.0
4400,192.0
4401,181.0
4402,353.0
4403,216.0
4404,297.0
4405,392.0
4406,247.0
4407,222.0
4408,189.0
4409,213.0
4410,229.0
4411,185.0
4412,243.0
4413,219.0
4414,201.0
4415,181.0
4416,248.0
4417,196.0
4418,247.0
4419,230.0
4420,476.0
4421,266.0
4422,363.0
4423,301.0
4424,356.0
4425,273.0
4426,345.0
4427,341.0
4428,558.0
4429,340.0
4430,197.0
4431,334.0
4432,415.0
4433,671.0
4434,706.0
4435,396.0
4436,489.0
4437,295.0
4438,486.0
4439,341.0
4440,198.0
4441,344.0
4442,246.0
4443,247.0
4444,209.0
4445,163.0
4446,164.0
4447,159.0
4448,160.0
4449,157.0
4450,146.0
4451,157.0
4452,152.0
4453,159.0
4454,179.0
4455,206.0
4456,220.0
4457,242.0
4458,186.0
4459,235.0
4460,241.0
4461,247.0
4462,284.0
4463,329.0
4464,350.0
4465,392.0
4466,345.0
4467,592.0
4468,331.0
4469,364.0
4470,362.0
4471,383.0
4472,424.0
4473,329.0
4474,321.0
4475,345.0
4476,326.0
4477,326.0
4478,371.0
4479,281.0
4480,325.0
4481,268.0
4482,248.0
4483,260.0
4484,269.0
4485,254.0
4486,289.0
4487,207.0
4488,222.0
4489,220.0
4490,259.0
4491,194.0
4492,217.0
4493,186.0
4494,234.0
4495,266.0
4496,252.0
4497,216.0
4498,241.0
4499,246.0
4500,266.0
4501,212.0
4502,263.0
4503,212.0
4504,235.0
4505,203.0
4506,220.0
4507,296.0
4508,247.0
4509,267.0
4510,258.0
4511,226.0
4512,278.0
4513,285.0
4514,213.0
4515,209.0
4516,242.0
4517,218.0
4518,214.0
4519,181.0
4520,221.0
4521,226.0
4522,189.0
4523,211.0
4524,208.0
4525,252.0
4526,263.0
4527,280.0
4528,264.0
4529,240.0
4530,333.0
4531,295.0
4532,264.0
4533,238.0
4534,301.0
4535,323.0
4536,254.0
4537,273.0
4538,219.0
4539,282.0
4540,265.0
4541,233.0
4542,196.0
4543,209.0
4544,245.0
4545,258.0
4546,209.0
4547,274.0
4548,262.0
4549,198.0
4550,241.0
4551,239.0
4552,256.0
4553,236.0
4554,262.0
4555,285.0
4556,224.0
4557,264.0
4558,238.0
4559,210.0
4560,264.0
4561,255.0
4562,217.0
4563,197.0
4564,193.0
4565,205.0
4566,203.0
4567,192.0
4568,161.0
4569,174.0
4570,193.0
4571,179.0
4572,169.0
4573,167.0
4574,144.0
4575,169.0
4576,161.0
4577,165.0
4578,157.0
4579,168.0
4580,163.0
4581,165.0
4582,150.0
4583,157.0
4584,157.0
4585,168.0
4586,157.0
4587,183.0
4588,157.0
4589,159.0
4590,176.0
4591,181.0
4592,167.0
4593,148.0
4594,193.0
4595,180.0
4596,193.0
4597,155.0
4598,170.0
4599,161.0
4600,172.0
4601,199.0
4602,172.0
4603,201.0
4604,197.0
4605,196.0
4606,180.0
4607,166.0
4608,175.0
4609,206.0
4610,193.0
4611,185.0
4612,185.0
4613,169.0
4614,192.0
4615,190.0
4616,223.0
4617,165.0
4618,160.0
4619,189.0
4620,171.0
4621,194.0
4622,194.0
4623,195.0
4624,202.0
4625,247.0
4626,187.0
4627,240.0
4628,193.0
4629,179.0
4630,228.0
4631,203.0
4632,195.0
4633,190.0
4634,236.0
4635,183.0
4636,191.0
4637,164.0
4638,222.0
4639,190.0
4640,157.0
4641,189.0
4642,173.0
4643,162.0
4644,193.0
4645,210.0
4646,177.0
4647,164.0
4648,163.0
4649,169.0
4650,180.0
4651,170.0
4652,185.0
4653,205.0
4654,175.0
4655,157.0
4656,192.0
4657,143.0
4658,190.0
4659,171.0
4660,185.0
4661,210.0
4662,175.0
4663,191.0
4664,172.0
4665,226.0
4666,187.0
4667,196.0
4668,190.0
4669,211.0
4670,191.0
4671,201.0
4672,205.0
4673,204.0
4674,167.0
4675,216.0
4676,199.0
4677,189.0
4678,161.0
4679,166.0
4680,165.0
4681,174.0
4682,157.0
4683,168.0
4684,162.0
4685,185.0
4686,176.0
4687,155.0
4688,174.0
4689,173.0
4690,153.0
4691,174.0
4692,157.0
4693,154.0
4694,149.0
4695,144.0
4696,152.0
4697,170.0
4698,182.0
4699,186.0
4700,141.0
4701,162.0
4702,146.0
4703,153.0
4704,182.0
4705,155.0
4706,145.0
4707,181.0
4708,176.0
4709,173.0
4710,151.0
4711,174.0
4712,150.0
4713,175.0
4714,149.0
4715,180.0
4716,167.0
4717,167.0
4718,140.0
4719,144.0
4720,154.0
4721,157.0
4722,175.0
4723,174.0
4724,185.0
4725,147.0
4726,160.0
4727,149.0
4728,181.0
4729,165.0
4730,146.0
4731,159.0
4732,199.0
4733,166.0
4734,175.0
4735,188.0
4736,170.0
4737,197.0
4738,180.0
4739,162.0
4740,170.0
4741,195.0
4742,156.0
4743,167.0
4744,181.0
4745,201.0
4746,167.0
4747,187.0
4748,207.0
4749,206.0
4750,173.0
4751,218.0
4752,147.0
4753,179.0
4754,200.0
4755,177.0
4756,156.0
4757,153.0
4758,166.0
4759,194.0
4760,183.0
4761,154.0
4762,163.0
4763,196.0
4764,175.0
4765,183.0
4766,158.0
4767,213.0
4768,141.0
4769,176.0
4770,171.0
4771,171.0
4772,179.0
4773,177.0
4774,154.0
4775,183.0
4776,154.0
4777,146.0
4778,180.0
4779,182.0
4780,204.0
4781,196.0
4782,186.0
4783,230.0
4784,178.0
4785,171.0
4786,188.0
4787,185.0
4788,235.0
4789,198.0
4790,166.0
4791,188.0
4792,203.0
4793,168.0
4794,209.0
4795,160.0
4796,204.0
4797,198.0
4798,191.0
4799,172.0
4800,187.0
4801,170.0
4802,167.0
4803,188.0
4804,171.0
4805,174.0
4806,174.0
4807,196.0
4808,205.0
4809,187.0
4810,196.0
4811,186.0
4812,159.0
4813,183.0
4814,169.0
4815,179.0
4816,167.0
4817,167.0
4818,206.0
4819,208.0
4820,211.0
4821,146.0
4822,209.0
4823,168.0
4824,173.0
4825,194.0
4826,176.0
4827,187.0
4828,200.0
4829,157.0
4830,196.0
4831,171.0
4832,182.0
4833,191.0
4834,194.0
4835,199.0
4836,187.0
4837,202.0
4838,195.0
4839,193.0
4840,174.0
4841,264.0
4842,183.0
4843,193.0
4844,183.0
4845,206.0
4846,198.0
4847,186.0
4848,182.0
4849,170.0
4850,188.0
4851,160.0
4852,188.0
4853,210.0
4854,185.0
4855,157.0
4856,232.0
4857,191.0
4858,181.0
4859,227.0
4860,187.0
4861,158.0
4862,182.0
4863,216.0
4864,182.0
4865,194.0
4866,200.0
4867,188.0
4868,173.0
4869,213.0
4870,212.0
4871,238.0
4872,211.0
4873,261.0
4874,175.0
4875,239.0
4876,223.0
4877,214.0
4878,210.0
4879,231.0
4880,247.0
4881,254.0
4882,221.0
4883,238.0
4884,245.0
4885,230.0
4886,208.0
4887,286.0
4888,269.0
4889,210.0
4890,310.0
4891,280.0
4892,375.0
4893,248.0
4894,319.0
4895,448.0
4896,279.0
4897,292.0
4898,307.0
4899,485.0
4900,270.0
4901,203.0
4902,321.0
4903,222.0
4904,231.0
4905,240.0
4906,180.0
4907,287.0
4908,244.0
4909,281.0
4910,254.0
4911,251.0
4912,222.0
4913,234.0
4914,149.0
4915,245.0
4916,203.0
4917,248.0
4918,306.0
4919,231.0
4920,224.0
4921,311.0
4922,558.0
4923,292.0
4924,652.0
4925,350.0
4926,215.0
4927,615.0
4928,244.0
4929,325.0
4930,424.0
4931,245.0
4932,262.0
4933,247.0
4934,241.0
4935,268.0
4936,450.0
4937,226.0
4938,473.0
4939,250.0
4940,298.0
4941,419.0
4942,326.0
4943,342.0
4944,319.0
4945,227.0
4946,309.0
4947,271.0
4948,284.0
4949,188.0
4950,328.0
4951,247.0
4952,321.0
4953,267.0
4954,327.0
4955,209.0
4956,317.0
4957,235.0
4958,282.0
4959,261.0
4960,340.0
4961,503.0
4962,229.0
4963,463.0
4964,252.0
4965,932.0
4966,358.0
4967,319.0
4968,362.0
4969,392.0
4970,289.0
4971,405.0
4972,332.0
4973,211.0
4974,285.0
4975,633.0
4976,275.0
4977,272.0
4978,277.0
4979,352.0
4980,283.0
4981,305.0
4982,356.0
4983,281.0
4984,249.0
4985,249.0
4986,268.0
4987,342.0
4988,213.0
4989,205.0
4990,336.0
4991,293.0
4992,290.0
4993,260.0
4994,240.0
4995,380.0
4996,271.0
4997,298.0
4998,252.0
4999,239.0
5000,298.0
5001,204.0
5002,261.0
5003,379.0
5004,328.0
5005,468.0
5006,292.0
5007,413.0
5008,298.0
5009,290.0
5010,329.0
5011,325.0
5012,262.0
5013,254.0
5014,263.0
5015,377.0
5016,395.0
5017,311.0
5018,428.0
5019,365.0
5020,500.0
5021,308.0
5022,478.0
5023,210.0
5024,266.0
5025,239.0
5026,293.0
5027,275.0
5028,365.0
5029,372.0
5030,252.0
5031,454.0
5032,328.0
5033,296.0
5034,234.0
5035,329.0
5036,385.0
5037,258.0
5038,400.0
5039,317.0
5040,264.0
5041,204.0
5042,298.0
5043,232.0
5044,324.0
5045,215.0
5046,196.0
5047,222.0
5048,192.0
5049,215.0
5050,184.0
5051,195.0
5052,271.0
5053,259.0
5054,217.0
5055,247.0
5056,211.0
5057,179.0
5058,256.0
5059,277.0
5060,317.0
5061,245.0
5062,258.0
5063,255.0
5064,290.0
5065,283.0
5066,370.0
5067,559.0
5068,338.0
5069,282.0
5070,355.0
5071,322.0
5072,192.0
5073,241.0
5074,224.0
5075,179.0
5076,329.0
5077,193.0
5078,235.0
5079,213.0
5080,225.0
5081,237.0
5082,332.0
5083,309.0
5084,265.0
5085,282.0
5086,344.0
5087,283.0
5088,340.0
5089,251.0
5090,306.0
5091,209.0
5092,323.0
5093,301.0
5094,303.0
5095,369.0
5096,379.0
5097,301.0
5098,453.0
5099,244.0
5100,311.0
5101,215.0
5102,413.0
5103,263.0
5104,202.0
5105,216.0
5106,189.0
5107,323.0
5108,301.0
5109,355.0
5110,195.0
5111,324.0
5112,174.0
5113,173.0
5114,179.0
5115,156.0
5116,129.0
5117,137.0
5118,141.0
5119,142.0
5120,130.0
5121,139.0
5122,150.0
5123,168.0
5124,160.0
5125,189.0
5126,175.0
5127,194.0
5128,177.0
5129,199.0
5130,238.0
5131,191.0
5132,242.0
5133,228.0
5134,289.0
5135,319.0
5136,248.0
5137,265.0
5138,279.0
5139,295.0
5140,320.0
5141,253.0
5142,386.0
5143,384.0
5144,243.0
5145,259.0
5146,252.0
5147,310.0
5148,217.0
5149,356.0
5150,283.0
5151,233.0
5152,269.0
5153,304.0
5154,370.0
5155,336.0
5156,255.0
5157,334.0
5158,313.0
5159,373.0
5160,406.0
5161,241.0
5162,772.0
5163,618.0
5164,397.0
5165,644.0
5166,575.0
5167,715.0
5168,739.0
5169,535.0
5170,426.0
5171,295.0
5172,356.0
5173,382.0
5174,261.0
5175,528.0
5176,380.0
5177,518.0
5178,293.0
5179,298.0
5180,338.0
5181,452.0
5182,345.0
5183,323.0
5184,350.0
5185,487.0
5186,450.0
5187,345.0
5188,358.0
5189,579.0
5190,703.0
5191,253.0
5192,386.0
5193,469.0
5194,866.0
5195,341.0
5196,419.0
5197,270.0
5198,389.0
5199,333.0
5200,410.0
5201,279.0
5202,520.0
5203,533.0
5204,334.0
5205,342.0
5206,745.0
5207,586.0
5208,444.0
5209,230.0
5210,279.0
5211,233.0
5212,225.0
5213,202.0
5214,197.0
5215,191.0
5216,177.0
5217,211.0
5218,202.0
5219,284.0
5220,313.0
5221,308.0
5222,311.0
5223,572.0
5224,470.0
5225,736.0
5226,805.0
5227,746.0
5228,615.0
5229,567.0
5230,513.0
5231,473.0
5232,474.0
5233,373.0
5234,391.0
5235,447.0
5236,418.0
5237,412.0
5238,466.0
5239,410.0
5240,427.0
5241,474.0
5242,418.0
5243,538.0
5244,407.0
5245,383.0
5246,482.0
5247,821.0
5248,1132.0
5249,423.0
5250,1263.0
5251,1532.0
5252,779.0
5253,1200.0
5254,988.0
5255,697.0
5256,887.0
5257,419.0
5258,624.0
5259,480.0
5260,582.0
5261,1126.0
5262,511.0
5263,801.0
5264,638.0
5265,1222.0
5266,421.0
5267,1077.0
5268,808.0
5269,390.0
5270,597.0
5271,785.0
5272,1004.0
5273,457.0
5274,603.0
5275,1062.0
5276,649.0
5277,1238.0
5278,536.0
5279,561.0
5280,732.0
5281,782.0
5282,589.0
5283,642.0
5284,638.0
5285,746.0
5286,596.0
5287,546.0
5288,507.0
5289,459.0
5290,376.0
5291,308.0
5292,334.0
5293,331.0
5294,451.0
5295,227.0
5296,285.0
5297,290.0
5298,311.0
5299,319.0
5300,431.0
5301,446.0
5302,374.0
5303,941.0
5304,350.0
5305,375.0
5306,247.0
5307,233.0
5308,199.0
5309,225.0
5310,230.0
5311,238.0
5312,259.0
5313,271.0
5314,622.0
5315,398.0
5316,357.0
5317,325.0
5318,340.0
5319,309.0
5320,229.0
5321,242.0
5322,269.0
5323,211.0
5324,238.0
5325,198.0
5326,254.0
5327,179.0
5328,199.0
5329,200.0
5330,202.0
5331,211.0
5332,306.0
5333,251.0
5334,311.0
5335,252.0
5336,325.0
5337,256.0
5338,284.0
5339,496.0
5340,377.0
5341,388.0
5342,343.0
5343,333.0
5344,237.0
5345,303.0
5346,326.0
5347,243.0
5348,233.0
5349,198.0
5350,194.0
5351,169.0
5352,151.0
5353,156.0
5354,140.0
5355,173.0
5356,149.0
5357,151.0
5358,160.0
5359,169.0
5360,177.0
5361,168.0
5362,172.0
5363,182.0
5364,191.0
5365,168.0
5366,178.0
5367,161.0
5368,154.0
5369,168.0
5370,176.0
5371,158.0
5372,178.0
5373,181.0
5374,192.0
5375,188.0
5376,198.0
5377,215.0
5378,203.0
5379,219.0
5380,243.0
5381,205.0
5382,241.0
5383,266.0
5384,241.0
5385,242.0
5386,213.0
5387,260.0
5388,284.0
5389,221.0
5390,230.0
5391,199.0
5392,219.0
5393,219.0
5394,231.0
5395,224.0
5396,216.0
5397,226.0
5398,219.0
5399,243.0
5400,214.0
5401,214.0
5402,201.0
5403,193.0
5404,181.0
5405,238.0
5406,182.0
5407,199.0
5408,186.0
5409,187.0
5410,205.0
5411,181.0
5412,185.0
5413,185.0
5414,187.0
5415,201.0
5416,204.0
5417,178.0
5418,215.0
5419,187.0
5420,184.0
5421,189.0
5422,210.0
5423,176.0
5424,201.0
5425,183.0
5426,264.0
5427,209.0
5428,231.0
5429,234.0
5430,228.0
5431,256.0
5432,197.0
5433,256.0
5434,239.0
5435,208.0
5436,221.0
5437,205.0
5438,219.0
5439,279.0
5440,292.0
5441,256.0
5442,242.0
5443,252.0
5444,216.0
5445,244.0
5446,222.0
5447,219.0
5448,225.0
5449,245.0
5450,247.0
5451,205.0
5452,220.0
5453,211.0
5454,224.0
5455,225.0
5456,210.0
5457,200.0
5458,209.0
5459,221.0
5460,207.0
5461,183.0
5462,224.0
5463,254.0
5464,184.0
5465,194.0
5466,211.0
5467,204.0
5468,204.0
5469,209.0
5470,207.0
5471,194.0
5472,223.0
5473,201.0
5474,209.0
5475,201.0
5476,206.0
5477,210.0
5478,180.0
5479,186.0
5480,174.0
5481,162.0
5482,170.0
5483,170.0
5484,194.0
5485,203.0
5486,183.0
5487,172.0
5488,175.0
5489,186.0
5490,202.0
5491,185.0
5492,192.0
5493,192.0
5494,170.0
5495,189.0
5496,213.0
5497,195.0
5498,207.0
5499,198.0
5500,198.0
5501,190.0
5502,203.0
5503,197.0
5504,187.0
5505,180.0
5506,195.0
5507,182.0
5508,179.0
5509,172.0
5510,158.0
5511,169.0
5512,189.0
5513,182.0
5514,163.0
5515,175.0
5516,166.0
5517,164.0
5518,150.0
5519,186.0
5520,172.0
5521,168.0
5522,163.0
5523,179.0
5524,169.0
5525,170.0
5526,173.0
5527,163.0
5528,189.0
5529,183.0
5530,154.0
5531,189.0
5532,205.0
5533,172.0
5534,203.0
5535,176.0
5536,192.0
5537,174.0
5538,211.0
5539,181.0
5540,200.0
5541,213.0
5542,196.0
5543,160.0
5544,188.0
5545,201.0
5546,167.0
5547,203.0
5548,225.0
5549,192.0
5550,161.0
5551,204.0
5552,193.0
5553,175.0
5554,178.0
5555,149.0
5556,149.0
5557,140.0
5558,139.0
5559,130.0
5560,116.0
5561,119.0
5562,122.0
5563,129.0
5564,124.0
5565,133.0
5566,120.0
5567,133.0
5568,149.0
5569,156.0
5570,162.0
5571,159.0
5572,177.0
5573,175.0
5574,175.0
5575,184.0
5576,209.0
5577,189.0
5578,182.0
5579,265.0
5580,225.0
5581,242.0
5582,270.0
5583,229.0
5584,264.0
5585,233.0
5586,230.0
5587,255.0
5588,242.0
5589,244.0
5590,207.0
5591,190.0
5592,207.0
5593,193.0
5594,203.0
5595,212.0
5596,234.0
5597,209.0
5598,222.0
5599,186.0
5600,277.0
5601,234.0
5602,242.0
5603,194.0
5604,244.0
5605,230.0
5606,252.0
5607,251.0
5608,249.0
5609,237.0
5610,208.0
5611,310.0
5612,235.0
5613,296.0
5614,333.0
5615,253.0
5616,256.0
5617,351.0
5618,332.0
5619,320.0
5620,245.0
5621,289.0
5622,363.0
5623,326.0
5624,222.0
5625,303.0
5626,259.0
5627,238.0
5628,254.0
5629,221.0
5630,250.0
5631,239.0
5632,223.0
5633,238.0
5634,257.0
5635,222.0
5636,285.0
5637,313.0
5638,254.0
5639,307.0
5640,307.0
5641,266.0
5642,277.0
5643,231.0
5644,269.0
5645,346.0
5646,285.0
5647,317.0
5648,279.0
5649,197.0
5650,222.0
5651,253.0
5652,296.0
5653,267.0
5654,235.0
5655,289.0
5656,243.0
5657,329.0
5658,259.0
5659,277.0
5660,356.0
5661,210.0
5662,286.0
5663,311.0
5664,329.0
5665,275.0
5666,337.0
5667,235.0
5668,306.0
5669,311.0
5670,277.0
5671,282.0
5672,231.0
5673,327.0
5674,314.0
5675,279.0
5676,407.0
5677,487.0
5678,269.0
5679,464.0
5680,505.0
5681,290.0
5682,411.0
5683,440.0
5684,392.0
5685,438.0
5686,663.0
5687,408.0
5688,276.0
5689,318.0
5690,344.0
5691,281.0
5692,297.0
5693,314.0
5694,340.0
5695,311.0
5696,464.0
5697,243.0
5698,524.0
5699,285.0
5700,287.0
5701,346.0
5702,377.0
5703,472.0
5704,295.0
5705,525.0
5706,463.0
5707,673.0
5708,608.0
5709,475.0
5710,665.0
5711,596.0
5712,447.0
5713,742.0
5714,915.0
5715,296.0
5716,658.0
5717,972.0
5718,1208.0
5719,544.0
5720,682.0
5721,238.0
5722,1364.0
5723,1035.0
5724,640.0
5725,1308.0
5726,539.0
5727,607.0
5728,1447.0
5729,1427.0
5730,338.0
5731,1955.0
5732,563.0
5733,715.0
5734,855.0
5735,345.0
5736,329.0
5737,309.0
5738,695.0
5739,487.0
5740,1063.0
5741,649.0
5742,493.0
5743,725.0
5744,859.0
5745,741.0
5746,763.0
5747,379.0
5748,730.0
5749,1236.0
5750,933.0
5751,518.0
5752,1208.0
5753,1126.0
5754,575.0
5755,1241.0
5756,635.0
5757,1198.0
5758,587.0
5759,494.0
5760,783.0
5761,741.0
5762,465.0
5763,354.0
5764,496.0
5765,1015.0
5766,696.0
5767,598.0
5768,515.0
5769,349.0
5770,473.0
5771,633.0
5772,401.0
5773,536.0
5774,286.0
5775,321.0
5776,571.0
5777,703.0
5778,381.0
5779,374.0
5780,297.0
5781,304.0
5782,339.0
5783,379.0
5784,589.0
5785,395.0
5786,474.0
5787,771.0
5788,1472.0
5789,404.0
5790,407.0
5791,414.0
5792,573.0
5793,389.0
5794,725.0
5795,295.0
5796,984.0
5797,396.0
5798,570.0
5799,946.0
5800,882.0
5801,1060.0
5802,699.0
5803,926.0
5804,572.0
5805,919.0
5806,1257.0
5807,929.0
5808,554.0
5809,340.0
5810,604.0
5811,910.0
5812,335.0
5813,487.0
5814,318.0
5815,309.0
5816,409.0
5817,555.0
5818,532.0
5819,329.0
5820,287.0
5821,309.0
5822,302.0
5823,257.0
5824,439.0
5825,438.0
5826,362.0
5827,266.0
5828,327.0
5829,305.0
5830,304.0
5831,455.0
5832,622.0
5833,468.0
5834,435.0
5835,289.0
5836,326.0
5837,261.0
5838,708.0
5839,530.0
5840,290.0
5841,321.0
5842,289.0
5843,298.0
5844,479.0
5845,320.0
5846,296.0
5847,312.0
5848,364.0
5849,342.0
5850,290.0
5851,257.0
5852,320.0
5853,257.0
5854,407.0
5855,506.0
5856,365.0
5857,267.0
5858,556.0
5859,573.0
5860,656.0
5861,360.0
5862,331.0
5863,724.0
5864,920.0
5865,428.0
5866,1208.0
5867,677.0
5868,390.0
5869,936.0
5870,531.0
5871,650.0
5872,634.0
5873,358.0
5874,403.0
5875,492.0
5876,677.0
5877,455.0
5878,299.0
5879,439.0
5880,326.0
5881,581.0
5882,370.0
5883,575.0
5884,412.0
5885,1138.0
5886,664.0
5887,623.0
5888,724.0
5889,759.0
5890,312.0
5891,796.0
5892,370.0
5893,2307.0
5894,1380.0
5895,524.0
5896,1140.0
5897,481.0
5898,717.0
5899,1120.0
5900,937.0
5901,325.0
5902,492.0
5903,684.0
5904,1562.0
5905,473.0
5906,639.0
5907,417.0
5908,350.0
5909,302.0
5910,505.0
5911,613.0
5912,485.0
5913,490.0
5914,476.0
5915,1475.0
5916,851.0
5917,384.0
5918,495.0
5919,1021.0
5920,367.0
5921,366.0
5922,572.0
5923,1820.0
5924,676.0
5925,1409.0
5926,931.0
5927,421.0
5928,801.0
5929,945.0
5930,691.0
5931,609.0
5932,295.0
5933,287.0
5934,220.0
5935,186.0
5936,189.0
5937,169.0
5938,200.0
5939,192.0
5940,176.0
5941,215.0
5942,225.0
5943,209.0
5944,225.0
5945,286.0
5946,282.0
5947,387.0
5948,383.0
5949,355.0
5950,739.0
5951,525.0
5952,560.0
5953,829.0
5954,2149.0
5955,1827.0
5956,1512.0
5957,377.0
5958,343.0
5959,568.0
5960,553.0
5961,397.0
5962,361.0
5963,277.0
5964,343.0
5965,363.0
5966,301.0
5967,252.0
5968,374.0
5969,267.0
5970,389.0
5971,356.0
5972,310.0
5973,405.0
5974,538.0
5975,411.0
5976,459.0
5977,563.0
5978,528.0
5979,432.0
5980,549.0
5981,572.0
5982,1042.0
5983,291.0
5984,471.0
5985,656.0
5986,2330.0
5987,1953.0
5988,2459.0
5989,1532.0
5990,591.0
5991,541.0
5992,1682.0
5993,1263.0
5994,508.0
5995,353.0
5996,345.0
5997,869.0
5998,1438.0
5999,393.0
